{
  "pages": [
    //pages数组中第一项表示应用启动页，参考：https://uniapp.dcloud.io/collocation/pages
    {
      "path": "pages/home/home",
      "style": {
        "enablePullDownRefresh": true
      },
      "needLogin": false
    },
    {
      "path": "pages/classify/classify",
      "style": {},
      "needLogin": false
    },
    {
      "path": "pages/cart/cart",
      "style": {

      },
      "needLogin": false

    }, {
      "path": "pages/my/my",
      "style": {
        "enablePullDownRefresh": true
      },
      "needLogin": false

    },
    {
      "path": "uni_modules/uni-portal/pages/index",
      "style": {
        "navigationBarTitleText": "发布应用",
        "enablePullDownRefresh": false
      }
    },
    {
      "path": "pages/index/index"
    },

    {
      "path": "uni_modules/uni-id-pages/pages/login/login-withpwd",
      "style": {
        "topWindow": false,
        "leftWindow": false,
        "navigationBarTitleText": "登录"
      }
    },
    {
      "path": "pages/error/404",
      "style": {
        "navigationBarTitleText": "Not Found"
      }
    },
    // {
    //   "path": "uni_modules/uni-id-pages/pages/userinfo/change_pwd/change_pwd",
    //   "style": {
    //     "navigationBarTitleText": "修改密码"
    //   }
    // },
    // {
    //   "path": "uni_modules/uni-upgrade-center/pages/version/list",
    //   "style": {
    //     "navigationBarTitleText": "版本列表"
    //   }
    // },
    // {
    //   "path": "uni_modules/uni-upgrade-center/pages/version/add",
    //   "style": {
    //     "navigationBarTitleText": "新版发布"
    //   }
    // },
    // {
    //   "path": "uni_modules/uni-upgrade-center/pages/version/detail",
    //   "style": {
    //     "navigationBarTitleText": "版本信息查看"
    //   }
    // },

    {
      "path": "pages/as-swiper/add",
      "style": {
        "navigationBarTitleText": "新增"
      }
    },
    {
      "path": "pages/as-swiper/edit",
      "style": {
        "navigationBarTitleText": "编辑"
      }
    },
    {
      "path": "pages/as-swiper/list",
      "style": {
        "navigationBarTitleText": "列表"
      }
    },
    {
      "path": "pages/goods-categories/add",
      "style": {
        "navigationBarTitleText": "新增"
      }
    },
    {
      "path": "pages/goods-categories/edit",
      "style": {
        "navigationBarTitleText": "编辑"
      }
    },
    {
      "path": "pages/goods-categories/list",
      "style": {
        "navigationBarTitleText": "列表"
      }
    },
    {
      "path": "pages/as-goods/add",
      "style": {
        "navigationBarTitleText": "新增"
      }
    },
    {
      "path": "pages/as-goods/edit",
      "style": {
        "navigationBarTitleText": "编辑"
      }
    },
    {
      "path": "pages/as-goods/list",
      "style": {
        "navigationBarTitleText": "列表"
      }
    }

    ,
    {
      "path": "pages/goods-nav/add",
      "style": {
        "navigationBarTitleText": "新增"
      }
    },
    {
      "path": "pages/goods-nav/edit",
      "style": {
        "navigationBarTitleText": "编辑"
      }
    },
    {
      "path": "pages/goods-nav/list",
      "style": {
        "navigationBarTitleText": "列表"
      }
    },
    {
      "path": "pages/as-user/add",
      "style": {
        "navigationBarTitleText": "新增"
      }
    },
    {
      "path": "pages/as-user/edit",
      "style": {
        "navigationBarTitleText": "编辑"
      }
    },
    {
      "path": "pages/as-user/list",
      "style": {
        "navigationBarTitleText": "列表"
      }
    },
    {
      "path": "pages/order/add",
      "style": {
        "navigationBarTitleText": "新增"
      }
    },
    {
      "path": "pages/order/edit",
      "style": {
        "navigationBarTitleText": "编辑"
      }
    },
    {
      "path": "pages/order/list",
      "style": {
        "navigationBarTitleText": "列表"
      }
    },
    {
      "path": "pages/interg-goods/add",
      "style": {
        "navigationBarTitleText": "新增"
      }
    },
    {
      "path": "pages/interg-goods/edit",
      "style": {
        "navigationBarTitleText": "编辑"
      }
    },
    {
      "path": "pages/interg-goods/list",
      "style": {
        "navigationBarTitleText": "列表"
      }
    },
    {
      "path": "pages/intergal/add",
      "style": {
        "navigationBarTitleText": "新增"
      }
    },
    {
      "path": "pages/intergal/edit",
      "style": {
        "navigationBarTitleText": "编辑"
      }
    },
    {
      "path": "pages/intergal/list",
      "style": {
        "navigationBarTitleText": "列表"
      }
    },

    //   "path": "uni_modules/uni-id-pages/pages/userinfo/deactivate/deactivate",
    //   "style": {
    //     "navigationBarTitleText": "注销账号"
    //   }
    // }, {
    //   "path": "uni_modules/uni-id-pages/pages/userinfo/userinfo",
    //   "style": {
    //     "navigationBarTitleText": "个人资料"
    //   }
    // }, {
    //   "path": "uni_modules/uni-id-pages/pages/userinfo/bind-mobile/bind-mobile",
    //   "style": {
    //     "navigationBarTitleText": "绑定手机号码"
    //   }
    // }, {
    //   "path": "uni_modules/uni-id-pages/pages/userinfo/cropImage/cropImage",
    //   "style": {
    //     "navigationBarTitleText": ""
    //   }
    // }, {
    //   "path": "uni_modules/uni-id-pages/pages/login/login-withoutpwd",
    //   "style": {
    //     "navigationBarTitleText": ""
    //   }
    // }, {
    //   "path": "uni_modules/uni-id-pages/pages/login/login-withpwd",
    //   "style": {
    //     "navigationBarTitleText": ""
    //   }
    // }, {
    //   "path": "uni_modules/uni-id-pages/pages/login/login-smscode",
    //   "style": {
    //     "navigationBarTitleText": "手机验证码登录"
    //   }
    // }, {
    //   "path": "uni_modules/uni-id-pages/pages/register/register",
    //   "style": {
    //     "navigationBarTitleText": "注册"
    //   }
    // }, {
    //   "path": "uni_modules/uni-id-pages/pages/register/register-by-email",
    //   "style": {
    //     "navigationBarTitleText": "邮箱验证码注册"
    //   }
    // }, {
    //   "path": "uni_modules/uni-id-pages/pages/retrieve/retrieve",
    //   "style": {
    //     "navigationBarTitleText": "重置密码"
    //   }
    // }, {
    //   "path": "uni_modules/uni-id-pages/pages/retrieve/retrieve-by-email",
    //   "style": {
    //     "navigationBarTitleText": "通过邮箱重置密码"
    //   }
    // }, {
    //   "path": "uni_modules/uni-id-pages/pages/common/webview/webview",
    //   "style": {
    //     "enablePullDownRefresh": false,
    //     "navigationBarTitleText": ""
    //   }
    // }, {
    //   "path": "uni_modules/uni-id-pages/pages/userinfo/change_pwd/change_pwd",
    //   "style": {
    //     "enablePullDownRefresh": false,
    //     "navigationBarTitleText": "修改密码"
    //   }
    // }, {
    //   "path": "uni_modules/uni-id-pages/pages/register/register-admin",
    //   "style": {
    //     "enablePullDownRefresh": false,
    //     "navigationBarTitleText": "注册管理员账号"
    //   }
    // }, {
    //   "path": "uni_modules/uni-id-pages/pages/userinfo/set-pwd/set-pwd",
    //   "style": {
    //     "enablePullDownRefresh": false,
    //     "navigationBarTitleText": "设置密码"
    //   }
    // }, {
    //   "path": "uni_modules/uni-id-pages/pages/userinfo/realname-verify/realname-verify",
    //   "style": {
    //     "enablePullDownRefresh": false,
    //     "navigationBarTitleText": "实名认证"
    //   }
    // },
    {
      "path": "pages/common/feedbackIndex/feedbackIndex",
      "style": {
        "navigationBarTitleText": "意见反馈",
        "enablePullDownRefresh": false
      },
      "needLogin": false
    },
    {
      "path": "pages/common/feedbackList/feedbackList",
      "style": {
        "navigationBarTitleText": "意见反馈",
        "enablePullDownRefresh": false
      },
      "needLogin": false
    },
    {
      "path": "pages/common/feedback/feedback",
      "style": {
        "navigationBarTitleText": "意见反馈",
        "enablePullDownRefresh": false,
        "backgroundColor": "#FFFFFF"
      },
      "needLogin": false
    },
    {
      "path": "pages/common/helpDetail/helpDetail",
      "style": {
        "navigationBarTitleText": "帮助详情",
        "enablePullDownRefresh": false
      },
      "needLogin": false
    },
    {
      "path": "pages/common/feedbackDetail/feedbackDetail",
      "style": {
        "navigationBarTitleText": "反馈详情",
        "enablePullDownRefresh": false
      },
      "needLogin": false
    },
    {
      "path": "pages/common/showImage/showImage",
      "style": {
        "navigationBarTitleText": "图片预览",
        "enablePullDownRefresh": false,
        "navigationBarTextStyle": "white",
        "navigationBarBackgroundColor": "#000000",
        "app-plus": {
          "animationType": "fade-in",
          "animationDuration": 300
        }
      },
      "needLogin": false
    },
    {
      "path": "pages/feedback-list/add",
      "style": {
        "navigationBarTitleText": "新增"
      }
    },
    {
      "path": "pages/feedback-list/edit",
      "style": {
        "navigationBarTitleText": "编辑"
      }
    },
    {
      "path": "pages/feedback-list/list",
      "style": {
        "navigationBarTitleText": "列表"
      }
    }, {
      "path": "pages/limit-goods/add",
      "style": {
        "navigationBarTitleText": "新增"
      }
    }, {
      "path": "pages/limit-goods/edit",
      "style": {
        "navigationBarTitleText": "编辑"
      }
    }, {
      "path": "pages/limit-goods/list",
      "style": {
        "navigationBarTitleText": "列表"
      }
    }, {
      "path": "pages/location/add",
      "style": {
        "navigationBarTitleText": "新增"
      }
    }, {
      "path": "pages/location/edit",
      "style": {
        "navigationBarTitleText": "编辑"
      }
    }, {
      "path": "pages/location/list",
      "style": {
        "navigationBarTitleText": "列表"
      }
    }
  ],
  "subPackages": [{
      "root": "pages/system",
      "pages": [{
          "path": "menu/list",
          "style": {
            "navigationBarTitleText": "菜单管理"
          }
        },
        {
          "path": "menu/add",
          "style": {
            "navigationBarTitleText": "新增菜单",
            "navigationStyle": "default"
          }
        },
        {
          "path": "menu/edit",
          "style": {
            "navigationBarTitleText": "修改菜单",
            "navigationStyle": "default"
          }
        },
        {
          "path": "permission/list",
          "style": {
            "navigationBarTitleText": "权限管理"
          }
        },
        {
          "path": "permission/add",
          "style": {
            "navigationBarTitleText": "新增权限",
            "navigationStyle": "default"
          }
        },
        {
          "path": "permission/edit",
          "style": {
            "navigationBarTitleText": "修改权限",
            "navigationStyle": "default"
          }
        },
        {
          "path": "role/add",
          "style": {
            "navigationBarTitleText": "新增角色",
            "navigationStyle": "default"
          }
        },
        {
          "path": "role/edit",
          "style": {
            "navigationBarTitleText": "修改角色",
            "navigationStyle": "default"
          }
        },
        {
          "path": "role/list",
          "style": {
            "navigationBarTitleText": "角色管理"
          }
        },
        {
          "path": "user/add",
          "style": {
            "navigationBarTitleText": "新增用户",
            "navigationStyle": "default"
          }
        },
        {
          "path": "user/edit",
          "style": {
            "navigationBarTitleText": "修改用户",
            "navigationStyle": "default"
          }
        },
        {
          "path": "user/list",
          "style": {
            "navigationBarTitleText": "用户管理"
          }
        },
        // {
        //   "path": "app/add",
        //   "style": {
        //     "navigationBarTitleText": "新增应用",
        //     "navigationStyle": "default"
        //   }
        // },
        // {
        //   "path": "app/list",
        //   "style": {
        //     "navigationBarTitleText": "应用管理"
        //   }
        // },
        // {
        //   "path": "app/uni-portal/uni-portal",
        //   "style": {
        //     "navigationBarTitleText": "发布页管理",
        //     "navigationStyle": "default"
        //   }
        // },
        // {
        //   "path": "tag/add",
        //   "style": {
        //     "navigationBarTitleText": "新增标签"
        //   }
        // },
        // {
        //   "path": "tag/edit",
        //   "style": {
        //     "navigationBarTitleText": "修改标签"
        //   }
        // },
        // {
        //   "path": "tag/list",
        //   "style": {
        //     "navigationBarTitleText": "标签管理"
        //   }
        // },
        {
          "path": "safety/list",
          "style": {
            "navigationBarTitleText": "用户日志"
          }
        }
      ]
    },
    // {
    //   "root": "pages/demo",
    //   "pages": [{
    //       "path": "icons/icons",
    //       "style": {
    //         "navigationBarTitleText": "图标"
    //       }
    //     },
    //     {
    //       "path": "table/table",
    //       "style": {
    //         "navigationBarTitleText": "表格"
    //       }
    //     }
    //   ]
    // },
    {
      "root": "pages/uni-stat",
      "pages": [{
          "path": "page-res/page-res",
          "style": {
            "navigationBarTitleText": "受访页",
            "enablePullDownRefresh": false
          }
        },
        {
          "path": "page-ent/page-ent",
          "style": {
            "navigationBarTitleText": "入口页",
            "enablePullDownRefresh": false
          }
        },
        {
          "path": "scene/scene",
          "style": {
            "navigationBarTitleText": "场景值（小程序）",
            "enablePullDownRefresh": false
          }
        },
        {
          "path": "channel/channel",
          "style": {
            "navigationBarTitleText": "渠道（app）",
            "enablePullDownRefresh": false
          }
        },
        // #ifndef MP
        {
          "path": "error/js/js",
          "style": {
            "navigationBarTitleText": "js报错统计",
            "enablePullDownRefresh": false
          }
        },
        // #endif
        // {
        //   "path": "error/js/detail",
        //   "style": {
        //     "navigationBarTitleText": "错误信息",
        //     "navigationStyle": "default",
        //     "enablePullDownRefresh": false
        //   }
        // },
        // {
        //   "path": "error/app/app",
        //   "style": {
        //     "navigationBarTitleText": "app原生报错统计",
        //     "enablePullDownRefresh": false
        //   }
        // },
        // {
        //   "path": "event/event",
        //   "style": {
        //     "navigationBarTitleText": "事件和转化",
        //     "enablePullDownRefresh": false
        //   }
        // },
        // {
        //   "path": "device/overview/overview",
        //   "style": {
        //     "navigationBarTitleText": "今日概况",
        //     "enablePullDownRefresh": false
        //   }
        // },
        // {
        //   "path": "device/activity/activity",
        //   "style": {
        //     "navigationBarTitleText": "活跃度",
        //     "enablePullDownRefresh": false
        //   }
        // },
        // {
        //   "path": "device/trend/trend",
        //   "style": {
        //     "navigationBarTitleText": "趋势分析",
        //     "enablePullDownRefresh": false
        //   }
        // },
        // {
        //   "path": "device/retention/retention",
        //   "style": {
        //     "navigationBarTitleText": "留存",
        //     "enablePullDownRefresh": false
        //   }
        // },
        // {
        //   "path": "device/comparison/comparison",
        //   "style": {
        //     "navigationBarTitleText": "平台对比",
        //     "enablePullDownRefresh": false
        //   }
        // },
        // {
        //   "path": "device/stickiness/stickiness",
        //   "style": {
        //     "navigationBarTitleText": "粘性",
        //     "enablePullDownRefresh": false
        //   }
        // },
        // {
        //   "path": "user/overview/overview",
        //   "style": {
        //     "navigationBarTitleText": "今日概况",
        //     "enablePullDownRefresh": false
        //   }
        // },
        // {
        //   "path": "user/activity/activity",
        //   "style": {
        //     "navigationBarTitleText": "活跃度",
        //     "enablePullDownRefresh": false
        //   }
        // },
        // {
        //   "path": "user/trend/trend",
        //   "style": {
        //     "navigationBarTitleText": "趋势分析",
        //     "enablePullDownRefresh": false
        //   }
        // },
        // {
        //   "path": "user/retention/retention",
        //   "style": {
        //     "navigationBarTitleText": "留存",
        //     "enablePullDownRefresh": false
        //   }
        // },
        // {
        //   "path": "user/comparison/comparison",
        //   "style": {
        //     "navigationBarTitleText": "平台对比",
        //     "enablePullDownRefresh": false
        //   }
        // },
        // {
        //   "path": "user/stickiness/stickiness",
        //   "style": {
        //     "navigationBarTitleText": "粘性",
        //     "enablePullDownRefresh": false
        //   }
        // },
        // {
        //   "path": "pay-order/overview/overview",
        //   "style": {
        //     "navigationBarTitleText": "订单概况",
        //     "enablePullDownRefresh": false
        //   }
        // },
        // {
        //   "path": "pay-order/list/list",
        //   "style": {
        //     "navigationBarTitleText": "订单明细",
        //     "enablePullDownRefresh": false
        //   }
        // },
        // {
        //   "path": "pay-order/funnel/funnel",
        //   "style": {
        //     "navigationBarTitleText": "漏斗分析",
        //     "enablePullDownRefresh": false
        //   }
        // },
        {
          "path": "pay-order/ranking/ranking",
          "style": {
            "navigationBarTitleText": "用户价值排行",
            "enablePullDownRefresh": false
          }
        }
      ]
    },
    {
      "root": "subpkg",
      "pages": [{
        "path": "goods_details/goods_details",
        "style": {
          "navigationBarTitleText": "",
          "enablePullDownRefresh": false
        },
        "needLogin": false
      }, {
        "path": "goods_list/goods_list",
        "style": {
          "navigationBarTitleText": "",
          "enablePullDownRefresh": false
        },
        "needLogin": false

      }, {
        "path": "search/search",
        "style": {
          "navigationBarTitleText": "",
          "enablePullDownRefresh": false
        },
        "needLogin": false
      }, {
        "path": "orders/orders",
        "style": {
          "navigationBarTitleText": "订单",
          "enablePullDownRefresh": false
        },
        "needLogin": false
      }, {
        "path": "interg-list/interg-list",
        "style": {
          "navigationBarTitleText": "积分兑换",
          "enablePullDownRefresh": false
        },
        "needLogin": false
      }]
    }
  ],
  "tabBar": {
    "selectedColor": "#33CCFF",
    "list": [{
        "pagePath": "pages/home/home",
        "text": "首页",
        "iconPath": "static/tab_iconf/home.png",
        "selectedIconPath": "static/tab_iconf/home-active.png"
      },
      {
        "pagePath": "pages/classify/classify",
        "text": "分类",
        "iconPath": "static/tab_iconf/classify.png",
        "selectedIconPath": "static/tab_iconf/classify-active.png"
      },
      {
        "pagePath": "pages/cart/cart",
        "text": "购物车",
        "iconPath": "static/tab_iconf/cart.png",
        "selectedIconPath": "static/tab_iconf/cart-active.png"
      },
      {
        "pagePath": "pages/my/my",
        "text": "我",
        "iconPath": "static/tab_iconf/my.png",
        "selectedIconPath": "static/tab_iconf/my-active.png"
      }
    ]
  },
  "globalStyle": {
    "navigationBarTextStyle": "black",
    "navigationBarTitleText": "智能超市系统",
    "navigationBarBackgroundColor": "#FFFFFF",
    "backgroundColor": "#FFFFFF",
    "h5": {
      "titleNView": false
    }
  },
  "topWindow": {
    "path": "windows/topWindow",
    "style": {
      "height": "60px"
    },
    "matchMedia": {
      "minWidth": 0
    }
  },
  "leftWindow": {
    "path": "windows/leftWindow",
    "style": {
      "width": "240px"
    }
  },
  "uniIdRouter": {
    "loginPage": "uni_modules/uni-id-pages/pages/login/login-withpwd",
    "needLogin": [
      "^((?!uni-id-pages\/pages\/login|register|retrieve).)*$"
    ],
    "resToLogin": false
  }


}
