{
  "bsonType": "object",
  "required": [
    "goods_sn",
    "name",
    "goods_price"
  ],
  "permission": {
    "read": "true",
    "create": false,
    "update": false,
    "delete": false
  },
  "properties": {
    "_id": {
      "description": "存储文档 ID（商品 ID），系统自动生成"
    },
    "goods_price": {
      "title": "商品价格",
      "bsonType": "double"
    },
    "category_id": {
      "title": "商品类别",
      "bsonType": "string",
      "description": "分类 id，参考`goods-categories`表",
      "foreignKey": "goods-categories.name",
      "enum": {
        "collection": "goods-categories",
        "field": "name as value,name as text"
      }
    },
    "goods_sn": {
      "bsonType": "string",
      "description": "商品的唯一货号",
      "title": "货号",
      "trim": "both"
    },
    "name": {
      "bsonType": "string",
      "description": "商品名称",
      "title": "名称",
      "trim": "both"
    },
    "keywords": {
      "bsonType": "string",
      "description": "商品关键字，为搜索引擎收录使用",
      "title": "关键字",
      "trim": "both"
    },
    "goods_location": {
      "bsonType": "string",
      "title": "商品位置",
      "trim": "both"
    },
    "goods_url": {
      "bsonType": "file",
      "description": "商品缩略图，用于在列表或搜索结果中预览显示",
      "title": "图像",
      "trim": "both"
    },
    "remain_count": {
      "bsonType": "int",
      "description": "库存数量",
      "title": "库存数量"
    },
    "sale_count": {
      "bsonType": "int",
      "description": "已售数量",
      "defaultValue": 0
    },
    "is_on_sale": {
      "bsonType": "bool",
      "description": "是否上架销售",
      "title": "是否上架"
    },
    "is_best": {
      "title": "是否精品",
      "bsonType": "bool",
      "description": "是否精品"
    },
    "is_new": {
      "bsonType": "bool",
      "description": "是否新品",
      "title": "是否新品"
    },
    "is_hot": {
      "bsonType": "bool",
      "description": "是否热销",
      "title": "是否热销"
    },
    "goods_date": {
      "title": "生产日期",
      "bsonType": "timestamp",
      "description": "生产日期"

    },
    "expiration_date": {
      "title": "保质日期",
      "bsonType": "timestamp",
      "description": "商品保质到期日期"
    }
  }
}
