{
  "bsonType": "object",
  "required": [
    "role_id"
  ],
  "permission": {
    "read": false,
    "create": false,
    "update": true,
    "delete": false
  },
  "properties": {
    "_id": {
      "description": "存储文档 ID，系统自动生成"
    },
    "role_id": {
      "title": "唯一ID",
      "bsonType": "string",
      "description": "角色唯一标识，不可修改，不允许重复",
      "trim": "both"
    },
    "role_mobile": {
      "bsonType": "string",
      "title": "手机号码",
      "description": "手机号码",
      "pattern": "^\\+?[0-9-]{3,20}$",
      "trim": "both"
    },
    "role_name": {
      "title": "名称",
      "bsonType": "string",
      "description": "角色名称",
      "trim": "both"
    },
    "role_money": {
      "title": "账户剩额",
      "bsonType": "double",
      "defaultValue": 0
    },
    "role_integral": {
      "title": "账户积分",
      "bsonType": "int",
      "defaultValue": 0
    }

  },
  "version": "0.0.1"
}
