{
  "bsonType": "object",
  "required": [
    "category_id"
  ],
  "permission": {
    "read": true
  },
  "properties": {
    "_id": {
      "description": "ID，系统自动生成"
    },
    "navfile": {
      "bsonType": "file",
      "title": "图片文件"
    },
    "sort": {
      "bsonType": "int",
      "description": "数字越小，排序越前",
      "title": "排序"
    },
    "category_id": {
      "bsonType": "string",
      "title": "分类id",
      "foreignKey": "goods-categories.name",
      "enum": {
        "collection": "goods-categories",
        "field": "name as value, name as text"
      }
    },
    "status": {
      "bsonType": "bool",
      "defaultValue": true,
      "title": "生效状态"
    }
  }

}
