{
  "bsonType": "object",
  "required": [
    "name"
  ],
  "permission": {
    "read": true,
    "create": false,
    "update": false,
    "delete": false
  },
  "properties": {
    "_id": {
      "description": "存储文档 ID（文章 ID），系统自动生成"
    },
    "parent_id": {
      "bsonType": "string",
      "description": "父ID，用于多级分类"
    },
    "name": {
      "bsonType": "string",
      "description": "类别名称",
      "title": "类别名称",
      "trim": "both"
    },
    "sort": {
      "bsonType": "int",
      "description": "类别排序，越大越靠后",
      "title": "排序"
    },
    "description": {
      "bsonType": "string",
      "description": "类别描述",
      "title": "类别描述",
      "trim": "both"
    },
    "is_hot_show": {
      "bsonType": "bool",
      "title": "加入热门显示",
      "description": "是否热门显示"
    }
  }

}
