{
  "bsonType": "object",
  "required": [
    "goods_sn",
    "name",
    "goods_price"
  ],
  "permission": {
    "read": "true",
    "create": false,
    "update": false,
    "delete": false
  },
  "properties": {
    "_id": {
      "description": "存储文档 ID（商品 ID），系统自动生成"
    },
    "goods_price": {
      "title": "商品价格",
      "bsonType": "double"
    },
    "category_id": {
      "title": "特价时间",
      "bsonType": "string",
      "description": "morning afternoon night"
    },
    "goods_sn": {
      "bsonType": "string",
      "description": "商品的唯一货号",
      "title": "货号",
      "trim": "both"
    },
    "name": {
      "bsonType": "string",
      "description": "商品名称",
      "title": "名称",
      "trim": "both"
    },
    "keywords": {
      "bsonType": "string",
      "description": "商品关键字，为搜索引擎收录使用",
      "title": "关键字",
      "trim": "both"
    },
    "goods_location": {
      "bsonType": "string",
      "title": "商品位置",
      "trim": "both"
    },
    "goods_url": {
      "bsonType": "file",
      "description": "商品缩略图，用于在列表或搜索结果中预览显示",
      "title": "图像",
      "trim": "both"
    },
    "remain_count": {
      "bsonType": "int",
      "description": "库存数量",
      "title": "库存数量"
    },
    "sale_count": {
      "title": "日销量",
      "bsonType": "int",
      "description": "日销量"
    },
    "count": {
      "title": "总销量",
      "bsonType": "int",
      "description": "总销量"
    },
    "is_on_sale": {
      "bsonType": "bool",
      "description": "是否上架销售",
      "title": "是否上架"
    },
    "islimit_good": {
      "bsonType": "bool",
      "defaultValue": true
    },
    "goods_date": {
      "title": "生产日期",
      "bsonType": "timestamp"
    },
    "expiration_date": {
      "title": "保质日期",
      "bsonType": "timestamp"
    }
  }
}
