{
  "bsonType": "object",
  "required": [
    "code",
    "name"
  ],
  "permission": {
    "read": true,
    "create": false,
    "update": false,
    "delete": false
  },
  "properties": {
    "_id": {
      "description": "ID，系统自动生成"
    },
    "name": {
      "bsonType": "string",
      "description": "城市名称",
      "title": "配送区域"
    },
    "time": {
      "bsonType": "string",
      "description": "配送时间",
      "title": "预计配送时间"
    }
  },
  "version": "0.0.1"
}
